{
    "bpm": 80.0,
    "dataList": [
        {
            "position1": {
                "x": -0.22260162234306336,
                "y": -0.04902367293834686,
                "z": 0.19308970868587495
            },
            "rotation1": {
                "x": -0.5189067125320435,
                "y": -0.7497992515563965,
                "z": -0.39725106954574587,
                "w": 0.10357910394668579
            },
            "position2": {
                "x": 0.2283579409122467,
                "y": -0.041390325874090198,
                "z": 0.19083645939826966
            },
            "rotation2": {
                "x": 0.46570873260498049,
                "y": -0.8283593654632568,
                "z": -0.2988393306732178,
                "w": 0.08735819160938263
            },
            "timestamp": 0.11066436767578125
        },
        {
            "position1": {
                "x": -0.21849414706230164,
                "y": -0.05203830450773239,
                "z": 0.14926885068416596
            },
            "rotation1": {
                "x": -0.2981078028678894,
                "y": -0.9337651133537293,
                "z": -0.19104129076004029,
                "w": 0.05213256925344467
            },
            "position2": {
                "x": 0.24681295454502107,
                "y": 0.01218734122812748,
                "z": 0.1336068958044052
            },
            "rotation2": {
                "x": 0.38465991616249087,
                "y": -0.9049206972122192,
                "z": -0.12885025143623353,
                "w": 0.12865856289863587
            },
            "timestamp": 0.22144317626953126
        },
        {
            "position1": {
                "x": -0.22630436718463899,
                "y": -0.04678526893258095,
                "z": 0.10857630521059036
            },
            "rotation1": {
                "x": -0.1886812448501587,
                "y": -0.9801720380783081,
                "z": 0.04047201946377754,
                "w": -0.04499170556664467
            },
            "position2": {
                "x": 0.2256079912185669,
                "y": 0.024507343769073488,
                "z": 0.13407818973064423
            },
            "rotation2": {
                "x": 0.22455859184265138,
                "y": -0.9419492483139038,
                "z": 0.022675208747386934,
                "w": 0.24857807159423829
            },
            "timestamp": 0.33331298828125
        },
        {
            "position1": {
                "x": -0.2436920404434204,
                "y": -0.06747601181268692,
                "z": 0.12417898327112198
            },
            "rotation1": {
                "x": -0.08852002024650574,
                "y": -0.9857826232910156,
                "z": 0.1365051120519638,
                "w": 0.041991595178842548
            },
            "position2": {
                "x": 0.0,
                "y": 0.0,
                "z": 0.0
            },
            "rotation2": {
                "x": -0.7071068286895752,
                "y": 0.7071068286895752,
                "z": 0.0,
                "w": 0.0
            },
            "timestamp": 0.44419097900390627
        },
        {
            "position1": {
                "x": 0.0,
                "y": 0.0,
                "z": 0.0
            },
            "rotation1": {
                "x": 0.0,
                "y": 0.0,
                "z": 0.7071068286895752,
                "w": -0.7071068286895752
            },
            "position2": {
                "x": 0.0,
                "y": 0.0,
                "z": 0.0
            },
            "rotation2": {
                "x": -0.7071068286895752,
                "y": 0.7071068286895752,
                "z": 0.0,
                "w": 0.0
            },
            "timestamp": 0.5557479858398438
        },
        {
            "position1": {
                "x": 0.0,
                "y": 0.0,
                "z": 0.0
            },
            "rotation1": {
                "x": 0.0,
                "y": 0.0,
                "z": 0.7071068286895752,
                "w": -0.7071068286895752
            },
            "position2": {
                "x": 0.0,
                "y": 0.0,
                "z": 0.0
            },
            "rotation2": {
                "x": -0.7071068286895752,
                "y": 0.7071068286895752,
                "z": 0.0,
                "w": 0.0
            },
            "timestamp": 0.666229248046875
        },
        {
            "position1": {
                "x": 0.0,
                "y": 0.0,
                "z": 0.0
            },
            "rotation1": {
                "x": 0.0,
                "y": 0.0,
                "z": 0.7071068286895752,
                "w": -0.7071068286895752
            },
            "position2": {
                "x": 0.0,
                "y": 0.0,
                "z": 0.0
            },
            "rotation2": {
                "x": -0.7071068286895752,
                "y": 0.7071068286895752,
                "z": 0.0,
                "w": 0.0
            },
            "timestamp": 0.7771759033203125
        },
        {
            "position1": {
                "x": 0.0,
                "y": 0.0,
                "z": 0.0
            },
            "rotation1": {
                "x": 0.0,
                "y": 0.0,
                "z": 0.7071068286895752,
                "w": -0.7071068286895752
            },
            "position2": {
                "x": 0.0,
                "y": 0.0,
                "z": 0.0
            },
            "rotation2": {
                "x": -0.7071068286895752,
                "y": 0.7071068286895752,
                "z": 0.0,
                "w": 0.0
            },
            "timestamp": 0.888275146484375
        },
        {
            "position1": {
                "x": 0.0,
                "y": 0.0,
                "z": 0.0
            },
            "rotation1": {
                "x": 0.0,
                "y": 0.0,
                "z": 0.7071068286895752,
                "w": -0.7071068286895752
            },
            "position2": {
                "x": 0.0,
                "y": 0.0,
                "z": 0.0
            },
            "rotation2": {
                "x": -0.7071068286895752,
                "y": 0.7071068286895752,
                "z": 0.0,
                "w": 0.0
            },
            "timestamp": 0.9991607666015625
        },
        {
            "position1": {
                "x": 0.0,
                "y": 0.0,
                "z": 0.0
            },
            "rotation1": {
                "x": 0.0,
                "y": 0.0,
                "z": 0.7071068286895752,
                "w": -0.7071068286895752
            },
            "position2": {
                "x": 0.0,
                "y": 0.0,
                "z": 0.0
            },
            "rotation2": {
                "x": -0.7071068286895752,
                "y": 0.7071068286895752,
                "z": 0.0,
                "w": 0.0
            },
            "timestamp": 1.111083984375
        },
        {
            "position1": {
                "x": 0.0,
                "y": 0.0,
                "z": 0.0
            },
            "rotation1": {
                "x": 0.0,
                "y": 0.0,
                "z": 0.7071068286895752,
                "w": -0.7071068286895752
            },
            "position2": {
                "x": 0.0,
                "y": 0.0,
                "z": 0.0
            },
            "rotation2": {
                "x": -0.7071068286895752,
                "y": 0.7071068286895752,
                "z": 0.0,
                "w": 0.0
            },
            "timestamp": 1.221435546875
        },
        {
            "position1": {
                "x": 0.0,
                "y": 0.0,
                "z": 0.0
            },
            "rotation1": {
                "x": 0.0,